name,booth_number,hall
4 SQUARES CORPORATION,I27,Pavilion Hall
A&T,BB01,Pavilion Hall
CORNEA,D25,Pavilion Hall
AERO DIGITAL WORLD PVT LTD,B03,Pavilion Hall
AERO DIGITAL WORLD PVT LTD,TG27,Jasmine Hall
AUDIOPLUS,TE05,Jasmine Hall
AHUJA RADIOS,TE05,Jasmine Hall
AHUJA RADIOS,TF06,Jasmine Hall
AMIT,TBB05,Jasmine Hall
WESCO ANIXTER,J25,Pavilion Hall
ANSATA,N01,Pavilion Hall
SMARTSTATION,L30,Pavilion Hall
ARIHANT INFOMATICS,LL01,Pavilion Hall
ARIHANT INFOSYS,TG01,Jasmine Hall
SYNTEL BY ARVIND,TE35,Jasmine Hall
ATEN,FF01,Pavilion Hall
ATVI,TG19,Jasmine Hall
AUDCOMM,TD35,Jasmine Hall
AUDIO WIZARD,TB01,Jasmine Hall
AV MASTER,TI05,Jasmine Hall
AVIXA,TF20,Jasmine Hall
BARCO CONTROL ROOMS ECOSYSTEM,K33,Pavilion Hall
CEECO TECHNOLOGIES PVT. LTD.,K33,Pavilion Hall
BEENEXT,H33,Pavilion Hall
BEETEK,TD31,Jasmine Hall
SIVISION,A27,Pavilion Hall
BENQ,G01,Pavilion Hall
BETA 3,A15,Pavilion Hall
BIAMP,I10,Pavilion Hall
BLKFIELD,TC05,Jasmine Hall
IACTIVE TECHNOLOGY PVT LTD,A25,Pavilion Hall
BXB,E33,Pavilion Hall
CANON INDIA,N10,Pavilion Hall
CAT5,K27,Pavilion Hall
CAVITAK MARKETING PVT LTD,J20,Pavilion Hall
CDM,A20,Pavilion Hall
CFT360 DESIGN STUDIO PRIVATE LIMITED,TD34,Jasmine Hall
CHRISTIE,C01,Pavilion Hall
CIRCLE,TE31,Jasmine Hall
CKS ACOUSTICS INDIA PRIVATE LIMITED,G30,Pavilion Hall
COMCON TECHNOLOGY,TB10,Jasmine Hall
CRESTRON,H01,Pavilion Hall
CT SQUARE LLC,TI03,Jasmine Hall
DAHUA TECHNOLOGY INDIA PVT LTD,TG05,Jasmine Hall
DATAVIDEO,II01,Pavilion Hall
DELTA,I01,Pavilion Hall
DEV ELECTRONICS,L25,Pavilion Hall
DEXON SYSTEMS,TA13,Jasmine Hall
DVSI,C30,Pavilion Hall
SEADA TECHNOLOGY LTD,TE01,Jasmine Hall
DRITA,TE01,Jasmine Hall
EIS,E27,Pavilion Hall
ELITE SCREENS INDIA PVT LTD.,TA05,Jasmine Hall
DAYA JAYJUN,TE19,Jasmine Hall
ENSONIC,TH20,Jasmine Hall
EPSON,K01,Pavilion Hall
EVERGLOW,L10,Pavilion Hall
EXTRON,TB19,Jasmine Hall
FIRSTOUCH,TB05,Jasmine Hall
FUXING INTERNATIONAL (CHINA) LTD.,TC35,Jasmine Hall
GLOBAL SYSTEMS,TH19,Jasmine Hall
JABRA,K10,Pavilion Hall
GREENSOURCES,F20,Pavilion Hall
ZORSIKA & BITVISUS,TC36,Jasmine Hall
SHENZHEN BITVISUS TECHNOLOGY LIMITED,TC36,Jasmine Hall
GURU ASTRONICS PVT LTD,TI22,Jasmine Hall
HARMAN,F01,Pavilion Hall
N-LABS,F25,Pavilion Hall
HITECH,B10,Pavilion Hall
LUMINEX,B10,Pavilion Hall
HITECH PRODUCTS,TB24,Jasmine Hall
IBASE,J30,Pavilion Hall
INAVATE,F35,Pavilion Hall
INFONICS,TF05,Jasmine Hall
KMV TECHINFRA,TC40,Jasmine Hall
KMV TECHINFRA PVT LTD,TC40,Jasmine Hall
OBSBOT INDIA,H30,Pavilion Hall
Obsbot,H30,Pavilion Hall
INTERACTIVE SCAPE GMBH,TF32,Jasmine Hall
DISPLAX,TF32,Jasmine Hall
INVOKE AUDIO PVT LTD.,TA18,Jasmine Hall
ITALIAN SOUND DESIGN,H37,Pavilion Hall
JAYANSH IMPEX,TI21,Jasmine Hall
PERIFICS,C24,Pavilion Hall
KONICA MINOLTA BUSINESS SOLUTIONS INDIA PVT LTD,H20,Pavilion Hall
KRAMER,L01,Pavilion Hall
KRYSTALS CABLES INDIA PVT LTD,TDD01,Jasmine Hall
CADYCE,H25,Pavilion Hall
LAMHAS,F30,Pavilion Hall
PICKCEL,G37,Pavilion Hall
LEKSA,E25,Pavilion Hall
PLANAR,G20,Pavilion Hall
LIVEY,TDD05,Jasmine Hall
STAPES INDIA,TC31,Jasmine Hall
LUMENS,E20,Pavilion Hall
CYPRESS TECHNOLOGY CO. LTD.,E20,Pavilion Hall
UNIVESO INTEGRATED SOLUTIONS PRIVATE LIMITED,E20,Pavilion Hall
LUMI,TC01,Jasmine Hall
LUMOCAST DIGITAL SIGNAGE LIMITED,D27,Pavilion Hall
MEDIA FAÇADE,TC14,Jasmine Hall
MERINO INDUSTRIES LIMITED,I25,Pavilion Hall
MILESTONE PRO,M10,Pavilion Hall
GIGATRONICS INDIA PVT LTD,M10,Pavilion Hall
MINDSTEC,D10,Pavilion Hall
MSS (PROJECT),B20,Pavilion Hall
MPTV,G35,Pavilion Hall
MX-MDR,F27,Pavilion Hall
NANTA TECH,TA10,Jasmine Hall
NAVORI,TB23,Jasmine Hall
NEAT,E10,Pavilion Hall
NEOTOUCH,C35,Pavilion Hall
NETGEAR,H27,Pavilion Hall
NEWTECH VIDEO SYSTEMS PRIVATE LIMITED,TF01,Jasmine Hall
NTECKSYSTEMS LLP,A01,Pavilion Hall
INOGENI,A01,Pavilion Hall
AURORA MULTIMEDIA,A01,Pavilion Hall
SY ELECTRONICS,A01,Pavilion Hall
NVINCY,M01,Pavilion Hall
NUREVA,M01,Pavilion Hall
BRIGHTSIGN,M01,Pavilion Hall
AMPETRONIC / LISTEN TECHNOLOGIES,M01,Pavilion Hall
CYVIZ,M01,Pavilion Hall
CATCHBOX,M01,Pavilion Hall
NEXMOSPHERE,M01,Pavilion Hall
OCHNO,M01,Pavilion Hall
ONLINE (LOGIC),F10,Pavilion Hall
OPTOMA,C10,Pavilion Hall
OREI LLC,TC20,Jasmine Hall
OSEL,TD01,Jasmine Hall
PEOPLELINK,G10,Pavilion Hall
PINK NOISE,L20,Pavilion Hall
PIXEL LED PVT LTD,TD14,Jasmine Hall
POPE,TC19,Jasmine Hall
PRAMA HIKVISION INDIA PRIVATE LIMITED,TD10,Jasmine Hall
PRINCEBOARD INDIA,TE34,Jasmine Hall
PRO AVL ASIA,TC41,Jasmine Hall
PRO FX TECH LIMITED,C25,Pavilion Hall
AUDAC,TE20,Jasmine Hall
QIZAR SOLUTIONS PRIVATE LIMITED,J33,Pavilion Hall
RADIANT,B30,Pavilion Hall
RAMESH ELECTRICALS AND ELECTRONICS,TBB01,Jasmine Hall
Digibird,TBB01,Jasmine Hall
RISHABH INCORPORATED,TA01,Jasmine Hall
RIVERA INTERNATIONAL,MM01,Pavilion Hall
GLOOSA,TE15,Jasmine Hall
SAMSUNG INDIA,E01,Pavilion Hall
SENNHEISER,H10,Pavilion Hall
ABSEN,TF10,Jasmine Hall
SHENZHEN GEAZAN TECHNOLOGY CO. LTD.,TC42,Jasmine Hall
SHENZHEN HUIDU TECHNOLOGY CO. LTD.,TC10,Jasmine Hall
SHENZHEN KTC COMMERCIAL DISPLAY TECHNOLOGY CO. LTD.,TE47,Jasmine Hall
MINRRAY,TF35,Jasmine Hall
SMARTSCHOOL EDUCATION LIMITED,C27,Pavilion Hall
SOUND CONTROL TECHNOLOGIES,G25,Pavilion Hall
ARTHUR HOLM,G25,Pavilion Hall
S-PAUL AUDIO EQUIPMENT CO. LTD,TC44,Jasmine Hall
SYSTEMS INTEGRATION ASIA,TA15,Jasmine Hall
STAGEMIX,K25,Pavilion Hall
SUN INFONET,D01,Pavilion Hall
SHURE,D01,Pavilion Hall
Meyer Sound,D01,Pavilion Hall
SUPERTRON ELECTRONICS PVT LTD,TG06,Jasmine Hall
SUPERTRON ELECTRONICS PVT LTD,TG28,Jasmine Hall
TEACHMINT,TD18,Jasmine Hall
TECHAAGAM TECH-AV PVT LTD,G27,Pavilion Hall
TELEVIC,TE10,Jasmine Hall
FOHHN,TH05,Jasmine Hall
ULTRA LED,TH01,Jasmine Hall
TOYO TECHNICAL SERVICES,TB03,Jasmine Hall
DNH WORLDWIDE LTD,TB03,Jasmine Hall
TRUECONF,D34,Pavilion Hall
SMARTPLAYER LLP,D34,Pavilion Hall
TRUSTECH AV SOLUTION PVT LTD,C22,Pavilion Hall
UNILUMIN,B25,Pavilion Hall
USERFUL CORPORATION,TE45,Jasmine Hall
VEGA PROJECT INDIA PRIVATE LIMITED,J01,Pavilion Hall
VIEWSONIC,K20,Pavilion Hall
VISIONHIRE,TI01,Jasmine Hall
WILLIAMS AV,TI01,Jasmine Hall
BARCO,D20,Pavilion Hall
BARCO,D20,Pavilion Hall
VISUAL TECHNOLOGIES INDIA PVT LTD,TG14,Jasmine Hall
WACOM,TF31,Jasmine Hall
WILDCARD,B01,Pavilion Hall
YEALINK,B01,Pavilion Hall
WILYER,TF33,Jasmine Hall
AV TODAY,TC34,Jasmine Hall
JONA SOFTECH PRIVATE LIMITED,TG22,Jasmine Hall
XI'AN NOVASTAR TECH CO. LTD.,TG22,Jasmine Hall
JONA SOFTECH PRIVATE LIMITED,TH14,Jasmine Hall
PIXELHUE TECHNOLOGY LTD,TH14,Jasmine Hall
PLENEO,TE14,Jasmine Hall
XTEN-AV,D30,Pavilion Hall
XTREME MEDIA,J10,Pavilion Hall
YAMAHA,I20,Pavilion Hall
Zapper Software Solutions Pvt Ltd,TE49,Jasmine Hall
ZOAPI,K31,Pavilion Hall
